,APO,APO_Ca,Icilin,Icilin_Ca
738-741,1.0,1.0,1.0,1.0
738-742,1.0,1.0,1.0,1.0
738-745,0.00075,0.04125,0.00025,0.0
738-842,0.007,0.027,0.102,0.09425
738-845,0.372,0.277,0.58525,0.54
738-846,1.0,1.0,1.0,0.999
738-1001,0.91575,0.536,0.5045,0.192
738-1004,0.0,0.00825,0.0695,0.06325
738-1005,0.95825,0.9985,1.0,0.98725
738-1008,0.00125,0.0195,0.17775,0.012
741-742,1.0,1.0,1.0,1.0
741-745,1.0,0.99925,0.999,1.0
741-778,0.01125,0.003,0.00025,0.02225
741-781,0.31375,0.0105,0.11275,0.01475
741-842,0.09375,0.0585,0.02475,0.063
741-845,0.00025,0.0005,0.0,0.15575
741-846,0.128,0.19975,0.01175,0.41025
741-1004,0.00025,0.0175,0.0,0.00025
741-1005,0.97525,1.0,0.649,0.80875
741-1008,0.77975,0.862,0.53275,0.45875
742-745,1.0,1.0,1.0,0.995
742-842,0.01425,0.02425,0.00175,0.01575
742-845,0.005,0.008,0.056,0.0225
742-846,1.0,0.99975,1.0,0.99975
742-1001,0.0,0.00075,0.0,0.0
742-1004,0.0,0.0005,0.0,0.0
742-1005,0.04975,0.22625,0.051,0.0845
745-778,0.9735,0.776,0.757,0.5515
745-781,0.00375,0.23675,0.0,0.0
745-782,0.06275,0.00025,0.0,0.0
745-802,0.20875,0.0865,0.00125,0.0
745-805,0.00025,0.0,0.0,0.0
745-839,0.99625,0.768,0.99925,1.0
745-842,0.9965,0.97475,0.99,1.0
745-845,0.00625,0.00725,0.00275,0.2495
745-846,0.81125,0.77175,0.771,0.8755
745-1004,0.0,0.1025,0.0,0.00025
745-1005,0.00425,0.30075,0.0,0.0045
745-1008,0.00775,0.256,0.0,0.0
778-781,1.0,0.981,1.0,1.0
778-782,1.0,1.0,1.0,1.0
778-785,0.06925,0.001,0.0005,0.08375
778-802,0.1205,0.38875,0.0005,0.00225
778-805,0.0005,0.217,0.0,0.0
778-839,0.7835,0.918,0.7815,0.943
778-842,0.34075,0.53375,0.0,0.0
778-846,0.0005,0.0,0.0,0.0
778-1004,0.0,0.00575,0.0,0.0
778-1008,0.03,0.22525,0.24,0.33725
781-782,1.0,1.0,1.0,1.0
781-784,0.99975,1.0,1.0,1.0
781-785,0.9995,0.9575,0.99225,1.0
781-799,0.0005,0.0,0.0,0.0
781-802,0.0,0.00025,0.0,0.0
781-842,0.11875,0.281,0.00175,0.0
781-846,0.0,0.00025,0.0,0.0
781-1004,0.06625,0.39575,0.14225,0.0095
781-1005,0.0325,0.0095,0.06625,0.0
781-1008,0.9945,0.9995,0.999,1.0
782-784,1.0,1.0,1.0,1.0
782-785,1.0,0.999,1.0,1.0
782-799,0.426,1.0,0.6705,0.999
782-802,0.996,1.0,1.0,1.0
782-805,0.0035,0.0,0.0,0.0
782-839,0.19975,0.00025,0.0,0.0
782-842,0.73575,0.48325,0.434,0.143
782-845,0.0,0.0,0.00025,0.0
782-1004,0.00025,0.1515,0.00025,0.64675
782-1005,0.00125,0.0,0.0025,0.0
782-1008,0.13125,0.251,0.35125,0.37875
784-785,1.0,1.0,1.0,1.0
784-1004,0.744,0.46475,0.6155,0.006
784-1005,0.035,0.02475,0.13275,0.00025
784-1008,0.99,0.8865,0.938,0.97225
785-796,0.05675,0.55875,0.1335,0.05075
785-799,0.80825,0.894,0.8555,0.832
785-802,0.37,0.47075,0.3205,0.42025
785-842,0.45025,0.343,0.49675,0.173
785-845,0.047,0.07325,0.078,0.0
785-1001,0.0275,0.00675,0.1,0.0
785-1004,0.9075,0.7195,0.95775,0.994
785-1005,0.12475,0.0005,0.01975,0.0705
785-1008,0.877,0.293,0.80775,0.89975
796-799,1.0,1.0,0.84725,1.0
796-802,0.0,0.00475,0.0,0.0005
796-842,0.04025,0.1545,0.00125,0.40075
796-845,0.0415,0.1405,0.10175,0.14525
796-1001,0.00025,0.01,0.00125,0.16525
796-1004,0.02425,0.0155,0.00675,0.57775
799-802,0.98175,1.0,1.0,1.0
799-805,0.0,0.00125,0.0,0.0
799-842,0.768,0.07025,0.93325,0.99775
799-845,0.032,0.005,0.389,0.00275
799-1001,0.0005,0.0,0.07825,0.0
799-1004,0.12375,0.1135,0.252,0.84225
799-1008,0.03775,0.0,0.14975,0.0
802-805,0.9925,1.0,0.941,0.99975
802-839,0.4705,0.67575,0.02875,0.00425
802-842,0.99025,0.999,1.0,1.0
802-845,0.0025,0.0175,0.16425,0.001
802-846,0.0005,0.0,0.00025,0.0
802-1004,0.00075,0.158,0.059,0.79675
802-1008,0.0365,0.2505,0.16825,0.06575
805-839,0.83625,0.9955,0.975,0.77
805-842,0.0785,0.00725,0.03,0.00125
839-842,1.0,1.0,0.9995,1.0
842-845,1.0,1.0,1.0,1.0
842-846,0.99,0.994,0.93575,0.971
842-1001,0.0115,0.174,0.0155,0.12175
842-1004,0.05425,0.54725,0.2015,0.8515
842-1005,0.0865,0.486,0.037,0.0075
842-1008,0.14075,0.486,0.2875,0.0535
845-846,1.0,1.0,1.0,1.0
845-1001,0.73125,0.91925,0.73025,0.964
845-1004,0.05725,0.39825,0.12725,0.57175
845-1005,0.12925,0.343,0.2455,0.47925
845-1008,0.0315,0.0005,0.00225,0.0025
846-1001,0.1035,0.39425,0.12125,0.0635
846-1004,0.0,0.0195,0.0,0.00125
846-1005,0.06975,0.52125,0.17075,0.449
846-1008,0.00125,0.00025,0.001,0.0
1001-1004,0.96075,0.99375,0.99225,0.996
1001-1005,0.99775,0.9895,0.989,0.99425
1001-1008,0.02575,0.001,0.0055,0.0
1004-1005,1.0,1.0,1.0,1.0
1004-1008,1.0,1.0,1.0,1.0
1005-1008,1.0,1.0,1.0,1.0
